{
  "ctx": 8192,
  "nseq": 6,
  "bs": 128,
  "stock": 1.2086133900515668,
  "fastpath": 1.2086133900515668,
  "integration_rel": 0.0,
  "allgather": 1.2050246607934212,
  "max4": 1.284997375584455,
  "max8": 1.2403366479269475,
  "max16": 1.2115125070684907,
  "rand8": 1.2896899062717633
}