{
  "critical_layers": [
    7,
    39,
    15
  ],
  "eval_seed": 1,
  "n_needles": 15,
  "32768": {
    "stock": 1.0,
    "max8": 0.0,
    "lt8": 0.3333333333333333,
    "max16": 0.2,
    "lt16": 0.9333333333333333,
    "max32": 0.8666666666666667,
    "lt32": 1.0,
    "lt_m16": 0.5333333333333333,
    "lt_m32": 0.9333333333333333
  },
  "65536": {
    "stock": 1.0,
    "max8": 0.0,
    "lt8": 0.0,
    "max16": 0.0,
    "lt16": 0.26666666666666666,
    "max32": 0.0,
    "lt32": 0.7333333333333333,
    "lt_m16": 0.06666666666666667,
    "lt_m32": 0.6
  }
}