{
  "ctx": 65536,
  "nseq": 2,
  "bs": 128,
  "nblk": 512,
  "stock": 1.0757615522078634,
  "fastpath": 1.0757615522078634,
  "integration_rel": 0.0,
  "max8": 1.1842834454813087,
  "max16": 1.1154637062850168,
  "max32": 1.0929324537455245,
  "rand16": 1.196488195872651,
  "oracle8": 1.1906220372745018,
  "oracle16": 1.091361856415741,
  "oracle32": 1.0813233261242483
}