{
  "ctx": 16384,
  "nseq": 2,
  "sel_dim": 64,
  "calib_ctx": 4096,
  "steps": 300,
  "stock": 1.2487313008159413,
  "max8": 1.2984455942802386,
  "mean8": 1.30982775558494,
  "minmax8": 1.305621140490888,
  "max16": 1.2636046992561516,
  "mean16": 1.2773468947258115,
  "minmax16": 1.2882713073017498
}