{
  "ctx": 16384,
  "nseq": 2,
  "sel_dim": 64,
  "calib_ctx": 4096,
  "steps": 300,
  "stock": 1.2487313008159413,
  "max8": 1.2984455942802386,
  "learned8": 1.3169533683213577,
  "max16": 1.2636046992561516,
  "learned16": 1.278142520624717
}