{
  "ctx": 16384,
  "nseq": 4,
  "bs": 128,
  "nblk": 128,
  "stock": 1.1487955504453717,
  "fastpath": 1.1487955504453717,
  "integration_rel": 0.0,
  "allgather": 1.151953930102574,
  "max8": 1.1923596881636982,
  "max16": 1.1654359005197934,
  "max32": 1.1542752207225377,
  "rand16": 1.212045654358299,
  "oracle8": 1.1689479743868052,
  "oracle16": 1.158277745241187,
  "oracle32": 1.1515269577198228
}