{
  "ctx": 32768,
  "nseq": 4,
  "bs": 128,
  "nblk": 256,
  "stock": 1.085162549847437,
  "fastpath": 1.085162549847437,
  "integration_rel": 0.0,
  "max8": 1.1440912576143922,
  "max16": 1.1104170084265295,
  "max32": 1.0956705112484417,
  "rand16": 1.1704320906987626
}